{
   "items" : [
	   {
	   	"id":"1",
	   	"title":"Товар 1",
	   	"price":"100"
	   },
	   {
	   	"id":"2",
	   	"title":"Товар 2",
	   	"price":"200"
	   },
	   {
	   	"id":"3",
	   	"title":"Товар 3",
	   	"price":"300"
	   },
	   {
	   	"id":"4",
	   	"title":"Товар 4",
	   	"price":"400"
	   },
	   {
	   	"id":"5",
	   	"title":"Товар 5",
	   	"price":"500"
	   },
	   {
	   	"id":"6",
	   	"title":"Товар 6",
	   	"price":"600"
	   },
   ]
}