{
   "items" : [
	   {
	   	"id":"1",
	   	"text":"Всех приветствую в моем профиле USHAKOL Давно хотела описать свой опыт проведения кератирования моих волос, но все откладывала и откладывала... Ведь у всех супер пупер фото, а у меня и не осталось ничего 'такого', зато теперь результат надолго и даже не знаю, как от такого счастья избавиться..."
	   },

	   {
	   	"id":"2",
	   	"text":"Даже не буду пытаться вспомнить сколько лет назад я впервые познакомилась с продукцией компании, было это очень давно. Единственное что я всегда понимала это то что сетевой маркетинг и пирамиды типа 'пригласи друга и получай часть его доходов' - мне не по душе и доверия не вызывают."
	   },

	   {
	   	"id":"3",
	   	"text":"Желания покупать готовый адвент-календарь у меня нет и не было. Все, что я видела в магазинах, меня не устраивает по наполнению. Я решила прикупить сама сюрпризы и упаковать их. Вариант сделать календарь из молочных пакетов видела несколько лет назад на каком-то форуме."
	   },

	   {
	   	"id":"4",
	   	"text":"Лучшая пенка для умывания - какая она? Не дорогая, ответила бы я, чтобы покупать её снова и снова., эффективная, чтобы очищала хорошо, кожу не сушила и не стягивала, аллергии не вызывала... Для меня идеальными пенками стали Holika Holika Daily Garden."
	   }
   ]
}